DFS ID,Name,Pos,Team,Opp,Status,Salary,Actual,SS Proj,Live Proj,My Proj,Value,My Own,Adj Own,Min Exp,Max Exp,Saber Team,Saber Total,dk_points,dk_25_percentile,dk_50_percentile,dk_75_percentile,dk_85_percentile,dk_95_percentile,dk_99_percentile,fd_points,fd_25_percentile,fd_50_percentile,fd_75_percentile,fd_85_percentile,fd_95_percentile,fd_99_percentile,yahoo_points,yahoo_25_percentile,yahoo_50_percentile,yahoo_75_percentile,yahoo_85_percentile,yahoo_95_percentile,yahoo_99_percentile,ob_points,ob_25_percentile,ob_50_percentile,ob_75_percentile,ob_85_percentile,ob_95_percentile,ob_99_percentile,dk_std,fd_std,yahoo_std,ob_std,PTS,Min,2PT,3PT,RB,Off Reb,Def Reb,AST,STL,BLK,TO
40823875,Josh Giddey,PG/G/UTIL,CHI,UTA,Confirmed,9700,72.25,50.17,71,50.17,5.1721649484536085,25.91,21.205847558509365,0,100,123.2552,242.0745,50.1655,43.625,50.625,57.75,61.5,67.875,75.625,49.3488,42.75,49.85,57.25,61,67.65,75.8515,49.3488,42.75,49.85,57.25,61,67.65,75.8515,50.1425,43.7,50.65,57.85,61.45,68.05,75.601,10.3914,10.7262,10.7262,10.4361,20.7773,32.9348,6.74866,1.76575,9.31875,1.99683,7.32192,9.84258,1.47467,0.622167,3.00267
40823881,Alperen Sengun,C/UTIL,HOU,ORL,Confirmed,9400,60,48.05,61.25,48.05,5.111702127659574,14.63,13.257948286683463,0,100,115.3213,225.21859999999998,48.054,41.5,48,54.75,58.25,64.875,72.25,47.5068,40.75,47.5,54.45,58.1,64.85,72.45,47.5068,40.75,47.5,54.45,58.1,64.85,72.45,48.315,41.7375,48.3,55.0625,58.7,65.3025,72.7505,10.0624,10.3982,10.3982,10.1842,22.3388,34.8849,7.34941,1.11625,10.6081,2.30342,8.30475,6.37292,1.15417,0.768084,2.83658
40823889,Jalen Johnson,PF/F/UTIL,ATL,PHX,Confirmed,9100,50,46.59,50,46.59,5.11978021978022,22.52,19.07410254841789,0,100,112.8215,226.703,46.5905,37.75,44.25,51.1562,54.75,61.2562,68.5013,45.9145,36.6,43.55,50.6,54.45,61.0025,68.5505,45.9145,36.6,43.55,50.6,54.45,61.0025,68.5505,46.5908,37.6,44.3,51.15,54.9,61.25,68.453,10.0451,10.3298,10.3298,10.0875,20.2905,33.8974,6.60866,1.54492,9.15775,1.81742,7.34033,6.4785,1.16958,0.616417,2.62033
40823898,Deni Avdija,PF/F/UTIL,POR,DAL,Confirmed,8800,50,46.37,50,46.37,5.269318181818181,25.65,21.039145519613886,0,100,118.9152,234.377,46.3726,39,45.75,52.375,56.375,62.75,70.375,44.8065,37.3,44.05,50.75,54.75,61.3025,68.8005,44.8065,37.3,44.05,50.75,54.75,61.3025,68.8005,45.9056,38.55,45.25,51.75,55.7,62.05,69.2,10.1169,10.2,10.2,9.97624,23.8608,34.1023,6.13867,2.5365,7.99508,1.66542,6.32967,5.95437,1.02154,0.673833,3.23137
40823878,Devin Booker,PG/G/UTIL,PHX,ATL,Confirmed,9500,41.5,46.31,41.5,46.31,4.874736842105263,14.73,14.00827144416896,0,100,113.8815,226.703,46.3137,38.375,45.25,52.125,55.875,62.25,70.3763,44.673,36.75,43.7,50.55,54.3,60.6,68.7005,44.673,36.75,43.7,50.55,54.3,60.6,68.7005,45.66,37.95,44.65,51.4,55.05,61.2,69.201,10.1539,10.1578,10.1578,9.94241,27.7087,35.1782,7.54808,2.33808,3.58259,0.746583,2.836,7.52775,0.794833,0.286583,2.76042
40823886,Stephen Curry,PG/G/UTIL,GSW,NOP,Confirmed,9100,18.25,45.55,20.25,45.55,5.005494505494505,17.73,16.271204375822684,0,100,118.4982,228.6794,45.5541,38,45.125,52.125,56.125,63.25,71.7513,42.7305,35.35,42.25,49.05,52.9,59.75,67.901,42.7305,35.35,42.25,49.05,52.9,59.75,67.901,43.7004,36.6,43.35,49.9,53.665,60.25,68.5,10.6647,10.3272,10.3272,10.0868,28.5592,32.0962,4.57233,5.31775,4.139,0.803584,3.33541,4.95475,1.025,0.4715,3.05358
40823901,Franz Wagner,SF/F/UTIL,ORL,HOU,Confirmed,8700,45.75,43.17,45.75,43.17,4.962068965517242,17.1,15.790790563710148,0,100,109.8973,225.21859999999998,43.1674,36.125,43.625,50.75,54.875,61.625,69.375,42.4057,35.2,42.8,50.4,54.4,61.35,69.7005,42.4057,35.2,42.8,50.4,54.4,61.35,69.7005,43.0484,36.1,43.5,50.8,54.65,61.5,69.5005,10.9573,11.207,11.207,10.9095,26.1189,34.9498,7.46108,2.0255,5.58425,1.4805,4.10375,4.59133,1.57142,0.419333,2.83534
40823904,Lauri Markkanen,PF/F/UTIL,UTA,CHI,Confirmed,8500,69.25,41.24,69.25,41.24,4.851764705882353,11.58,11.435342126474879,0,100,118.8193,242.0745,41.241,34,41,48.125,52.125,58.75,67,39.7962,32.65,39.625,46.7,50.7,57.1525,65.35,39.7962,32.65,39.625,46.7,50.7,57.1525,65.35,40.4068,33.4,40.25,47.1625,51.1,57.45,65.7,10.5042,10.4299,10.4299,10.2348,27.1064,35.1316,5.81825,3.51675,5.91942,1.26634,4.65309,1.80625,0.877417,0.787667,2.08734
40823907,Kevin Durant,SF/F/UTIL,HOU,ORL,Confirmed,8400,50.75,39.75,50.75,39.75,4.732142857142858,8.3,8.790317724479241,0,100,115.3213,225.21859999999998,39.7468,33,39.25,45.75,49.25,55.25,61.375,38.5337,31.75,37.9,44.55,48.15,54.1,60.451,38.5337,31.75,37.9,44.55,48.15,54.1,60.451,39.5782,32.95,39,45.45,49,54.85,61.051,9.31378,9.46627,9.46627,9.24162,25.8972,35.3485,7.34275,2.06059,4.27625,0.91675,3.3595,3.784,0.8725,0.643583,3.05258
40823913,Nikola Vucevic,C/UTIL,CHI,UTA,Confirmed,8100,48,39.25,49.25,39.25,4.845679012345679,5.99,6.661673517436034,0,0,123.2552,242.0745,39.2455,33.25,39.375,45.75,49.125,55.0062,62,38.7471,32.8,38.85,45.45,48.85,55.1,62.151,38.7471,32.8,38.85,45.45,48.85,55.1,62.151,39.0306,33.2,39.15,45.5,48.9,54.95,61.701,9.13517,9.31511,9.31511,9.09601,17.6956,30.2575,5.65383,1.66675,10.3521,2.17492,8.17725,3.77425,1.04825,0.611667,1.54983
40823915,Amen Thompson,PG/G/UTIL,HOU,ORL,Confirmed,8000,28.5,38.73,28.5,38.73,4.84125,10.12,10.442245252835145,0,100,115.3213,225.21859999999998,38.7291,32.75,38.625,44.875,48.25,54,60.75,39.4721,33.05,39.45,46.125,49.7,55.705,63.2505,39.4721,33.05,39.45,46.125,49.7,55.705,63.2505,39.6763,33.45,39.65,46.05,49.55,55.4,62.55,9.07887,9.70942,9.70942,9.37368,18.8556,34.1053,6.75741,0.67125,6.20992,1.35375,4.85616,5.33275,1.84142,0.679667,2.23083
40823965,Shaedon Sharpe,SG/G/UTIL,POR,DAL,Confirmed,6500,52,38.31,52,38.31,5.893846153846154,40.77,32.2257734946262,0,100,118.9152,234.377,38.3145,31.2188,37.375,44.125,47.625,54,61.5,36.9191,29.8,36.1,42.65,46.15,52.6,59.9,36.9191,29.8,36.1,42.65,46.15,52.6,59.9,37.5041,30.5,36.65,43.05,46.45,52.75,59.95,9.56705,9.51519,9.51519,9.27419,23.0804,31.2588,5.62709,2.97125,4.87721,0.996875,3.88034,3.56888,1.11075,0.340625,2.26312
40823954,Onyeka Okongwu,C/UTIL,ATL,PHX,Confirmed,6900,48,37.98,48,37.98,5.504347826086956,21.13,18.35717372348581,0,100,112.8215,226.703,37.9804,32,38.375,44.875,48.375,54.8812,62.375,38.3966,32.1,38.75,45.65,49.5,56.2,64.001,38.3966,32.1,38.75,45.65,49.5,56.2,64.001,38.6641,32.5,39.025,45.75,49.45,56.05,63.6005,9.60483,10.0952,10.0952,9.89989,20.0704,31.6415,6.70284,0.98925,9.46075,1.87875,7.582,1.748,0.980083,1.17875,1.44116
40823925,Trey Murphy III,SG/G/UTIL,NOP,GSW,Confirmed,7700,37.5,37.93,39.5,37.93,4.925974025974026,13.74,13.32973736079244,0,100,110.1812,228.6794,37.9282,30.875,38.125,45.5,49.625,56.75,65.1263,36.1658,29.3875,36.35,43.55,47.45,54.3,61.9515,36.1658,29.3875,36.35,43.55,47.45,54.3,61.9515,36.5815,29.95,36.75,43.9,47.75,54.3525,62.2015,10.7872,10.464,10.464,10.2684,22.1143,35.2892,3.24333,4.22742,5.14817,1.42075,3.72742,3.78475,0.882,0.582417,1.75175
40823910,Jimmy Butler,PF/F/UTIL,GSW,NOP,Confirmed,8300,41.75,37.77,41.75,37.77,4.550602409638555,4.67,5.573847680101408,0,100,118.4982,228.6794,37.7673,31.25,37,42.875,46,51.625,58.125,37.9416,31.25,37.1,43.1,46.55,52.4,58.8,37.9416,31.25,37.1,43.1,46.55,52.4,58.8,38.0709,31.55,37.35,43.1,46.55,52.1025,58.5,8.60958,8.96582,8.96582,8.72178,17.9746,31.9005,5.53675,0.81175,6.59075,1.277,5.31375,5.41467,1.19217,0.41275,1.52434
40823943,Desmond Bane,SG/G/UTIL,ORL,HOU,Confirmed,7300,40.5,36.9,40.5,36.9,5.0547945205479445,16.61,15.57923840370948,0,100,109.8973,225.21859999999998,36.9017,30.3438,37,43.9062,47.625,54.375,61.7513,35.5767,28.9,35.65,42.5,46.3,52.8025,60.65,35.5767,28.9,35.65,42.5,46.3,52.8025,60.65,36.2549,29.8,36.35,43,46.65,53.1,60.5,10.0932,10.0888,10.0888,9.82131,19.6875,33.8523,4.22225,2.75575,5.23767,1.3975,3.84016,5.19017,1.1595,0.389333,2.52191
40823934,Keyonte George,PG/G/UTIL,UTA,CHI,Confirmed,7400,52,36.72,53,36.72,4.962162162162162,12.15,12.086944765861789,0,100,118.8193,242.0745,36.7205,29.75,36.5,43,46.875,53.125,60.5025,34.9622,28.15,34.75,41.3,45.05,51.2,58.651,34.9622,28.15,34.75,41.3,45.05,51.2,58.651,35.9657,29.35,35.75,42.1,45.75,51.65,59.0515,9.78137,9.71404,9.71404,9.46593,19.8039,33.1683,3.68433,2.8475,3.61008,0.770417,2.83967,6.55292,0.895167,0.375333,2.90233
40823956,Jusuf Nurkic,C/UTIL,UTA,CHI,Confirmed,6800,37.5,36.46,36.5,36.46,5.361764705882353,21.48,18.674392764141896,0,100,118.8193,242.0745,36.4555,30.75,36.75,43.125,46.75,52.75,59.625,36.7368,30.5875,37.1,43.9,47.65,54.4025,61.8505,36.7368,30.5875,37.1,43.9,47.65,54.4025,61.8505,37.3351,31.4,37.7,44.25,48,54.4,61.6,9.10968,9.76463,9.76463,9.48476,12.7432,28.006,4.19092,0.605667,11.3013,2.31375,8.9875,4.12933,1.47342,1.07017,2.63925
40823951,PJ Washington,SF/F/UTIL,DAL,POR,Confirmed,7000,34.75,35.76,34.75,35.76,5.1085714285714285,13.93,13.418094288499544,0,100,115.4618,234.377,35.7567,28.125,34.25,40.5,43.75,50.125,57.375,35.2103,27.55,33.6,39.95,43.55,49.65,57.401,35.2103,27.55,33.6,39.95,43.55,49.65,57.401,35.6324,28.05,34.15,40.3125,43.7075,49.655,57.3005,9.16635,9.2808,9.2808,9.07942,16.4293,31.6116,3.89675,2.17554,8.27879,2.08687,6.19192,2.63104,0.961165,0.859917,1.83537
40823937,Cooper Flagg,SG/G/UTIL,DAL,POR,Confirmed,7300,45,34.93,45,34.93,4.784931506849315,9.67,9.858270196970253,0,100,115.4618,234.377,34.9272,28,34.375,40.75,44.375,49.7562,57.8775,35.0719,27.95,34.325,41.1,44.8,50.65,58.3535,35.0719,27.95,34.325,41.1,44.8,50.65,58.3535,35.1166,28.3,34.4,41,44.5075,50.05,58.002,9.22499,9.55989,9.55989,9.24953,16.8477,33.5244,4.49084,1.69675,6.52896,1.61987,4.90908,3.60029,1.47634,0.585416,1.60025
40824012,Jerami Grant,SF/PF/F/UTIL,POR,DAL,Confirmed,5500,36.75,33.25,36.75,33.25,6.045454545454546,41.87,34.10004215339778,0,100,118.9152,234.377,33.2513,27,32.875,39,42.5,48.6312,55.6275,32.8606,26.45,32.5,38.7,42.35,48.45,55.7505,32.8606,26.45,32.5,38.7,42.35,48.45,55.7505,33.2709,27,32.9,38.95,42.4,48.4525,55.701,9.02507,9.19797,9.19797,8.96362,20.4631,30.7251,4.4785,2.35675,3.42296,0.737833,2.68513,3.00142,1.03079,0.817875,1.82046
40823928,Dyson Daniels,PG/G/UTIL,ATL,PHX,Confirmed,7600,43.25,32.92,43.25,32.92,4.331578947368421,1.04,1.5477945293183366,0,100,112.8215,226.703,32.9231,25.75,31.125,36.875,40.0187,45.75,52.3763,34.0173,26.2,32.1,38.4,41.75,47.75,54.9005,34.0173,26.2,32.1,38.4,41.75,47.75,54.9005,33.7893,26.35,31.925,37.9,41.2,47,53.801,8.35258,8.98205,8.98205,8.60104,10.6854,33.1598,3.40933,1.01134,5.52116,1.08658,4.43459,6.0815,1.94367,0.6015,1.64208
40823999,Toumani Camara,SF/F/UTIL,POR,DAL,Confirmed,5700,31,32.13,31,32.13,5.636842105263158,26.82,23.61457873077143,0,100,118.9152,234.377,32.1281,26.125,32.125,38.375,41.625,47.0062,53.875,32.3033,26.15,32.35,38.75,42.35,48.3,55.151,32.3033,26.15,32.35,38.75,42.35,48.3,55.151,32.3786,26.35,32.35,38.6,42.0575,47.7,54.3005,8.90687,9.27742,9.27742,8.95827,15.2956,34.0922,3.47017,2.02858,5.78562,1.24038,4.54525,3.26196,1.61617,0.753792,1.65313
40824025,Derik Queen,C/UTIL,NOP,GSW,Confirmed,5300,30.25,31.4,30.25,31.4,5.9245283018867925,23.8,21.23863115727187,0,100,110.1812,228.6794,31.3997,25,31,37,40.5,46.5,53.6263,31.7198,25.1,31.225,37.7,41.35,47.5525,54.451,31.7198,25.1,31.225,37.7,41.35,47.5525,54.451,32.0188,25.55,31.55,37.8,41.3575,47.4,54.251,8.91401,9.35784,9.35784,9.09476,11.7926,33.1908,3.8675,0.778667,9.14008,2.45958,6.6805,2.93767,1.40708,0.732083,1.97733
40823975,Mark Williams,C/UTIL,PHX,ATL,Confirmed,6300,13.5,30.95,13.5,30.95,4.912698412698413,6.12,6.628846404262218,0,100,113.8815,226.703,30.9532,24.75,29.875,35.5,38.5,44,49.7513,31.9493,25.25,30.85,36.9,40.3,46.05,53.2,31.9493,25.25,30.85,36.9,40.3,46.05,53.2,32.2243,25.6,31.1,37.05,40.35,46.1,52.801,7.96425,8.6416,8.6416,8.4732,13.4685,26.2289,5.233,0.146167,9.16992,1.85309,7.31683,1.00342,0.846083,1.36683,1.4035
40823958,Draymond Green,PF/C/F/UTIL,GSW,NOP,Confirmed,6700,34,30.62,34,30.62,4.570149253731343,2.65,3.3390045340198875,0,100,118.4982,228.6794,30.6239,25.375,30.5,36.125,39.125,44.5,50.7513,30.1259,24.7,30.15,35.95,39.15,44.5525,51.1,30.1259,24.7,30.15,35.95,39.15,44.5525,51.1,30.9871,25.75,30.95,36.65,39.65,45.0525,51.5005,7.96462,8.32083,8.32083,8.08857,9.80825,28.7346,2.59683,1.15383,7.11,1.35075,5.75925,6.21783,1.02458,0.805084,2.69283
40823980,Dillon Brooks,SF/F/UTIL,PHX,ATL,Confirmed,6200,49,29.62,49,29.62,4.7774193548387105,4.78,5.2933472614950094,0,100,113.8815,226.703,29.617,23.8438,29.625,35.875,39.125,44.875,51.375,28.6039,22.85,28.65,34.7,38,43.65,50.4515,28.6039,22.85,28.65,34.7,38,43.65,50.4515,28.8592,23.3,28.85,34.8,38.05,43.5,50.2005,8.7478,8.65798,8.65798,8.42632,19.3892,31.4034,4.01075,2.73058,2.92175,0.623334,2.29841,2.51792,0.935583,0.285417,1.38408
40823972,Nickeil Alexander-Walker,SG/G/UTIL,ATL,PHX,Confirmed,6400,40.25,29.36,40.25,29.36,4.5874999999999995,2.53,2.977878971982007,0,0,112.8215,226.703,29.361,22.375,28,34,37.25,43.125,50.0025,28.1863,21.15,26.85,32.75,36,41.7025,48.5,28.1863,21.15,26.85,32.75,36,41.7025,48.5,28.7343,21.9,27.45,33.2,36.35,41.95,48.5505,8.56575,8.49418,8.49418,8.29443,15.5541,29.5772,2.83867,2.80975,3.12967,0.62075,2.50891,3.92684,0.695667,0.594584,1.87334
40823996,Matas Buzelis,PF/F/UTIL,CHI,UTA,Confirmed,5700,34,29.35,34,29.35,5.149122807017544,13.15,12.839602214742937,0,100,123.2552,242.0745,29.3534,23.5,29.125,35.125,38.625,44.7562,51.25,29.0207,22.9375,28.8,35,38.4,44.65,51.7005,29.0207,22.9375,28.8,35,38.4,44.65,51.7005,29.2757,23.35,29,35.05,38.4,44.4025,51.4005,8.79601,9.00045,9.00045,8.76496,15.1789,27.467,3.386,2.15866,5.71291,1.19741,4.5155,2.15984,1.08225,0.741167,1.61391
40824053,Donovan Clingan,C/UTIL,POR,DAL,Confirmed,4900,39.25,28.98,39.25,28.98,5.914285714285715,25.7,22.636079840071897,0,100,118.9152,234.377,28.977,22.625,27.8125,33.25,36.5,42,48.25,29.6462,22.8,28.3,34.35,37.65,43.45,51.101,29.6462,22.8,28.3,34.35,37.65,43.45,51.101,29.9427,23.2,28.675,34.5,37.85,43.7,50.8505,8.02862,8.5991,8.5991,8.47587,9.18271,25.2982,3.03966,0.561333,9.30946,1.83441,7.47504,2.37888,0.788917,1.28988,1.36229
40824007,Brandon Williams,PG/G/UTIL,DAL,POR,Confirmed,5600,29.25,28.67,29.25,28.67,5.119642857142857,11.76,11.758014486450762,0,100,115.4618,234.377,28.6737,22,27.25,33,36.25,41.75,48.125,28.7972,21.7,27.275,33.35,36.85,42.3525,49.6005,28.7972,21.7,27.275,33.35,36.85,42.3525,49.6005,29.122,22.3,27.7,33.5,36.75,42.2025,48.9505,8.17778,8.63704,8.63704,8.26005,14.5119,26.4714,3.67712,1.35987,1.7715,0.457125,1.31438,5.00116,1.53979,0.404292,2.24241
40824010,Wendell Carter Jr.,C/UTIL,ORL,HOU,Confirmed,5500,36,27.84,36,27.84,5.061818181818182,7.35,7.650644164587784,0,0,109.8973,225.21859999999998,27.8398,22.375,27.625,33.125,36.25,41.5,48.125,28.044,22.3,27.95,33.6125,37,42.5,49.45,28.044,22.3,27.95,33.6125,37,42.5,49.45,28.1656,22.6,28.05,33.55,36.9,42.2,48.7015,8.01954,8.41218,8.41218,8.17899,10.8701,29.9715,3.05075,0.977835,7.95966,2.04541,5.91425,2.49334,1.06509,0.717834,1.28691
40824002,Kevin Huerter,SG/SF/F/G/UTIL,CHI,UTA,Confirmed,5700,22.5,27.73,22.5,27.73,4.864912280701755,1.37,1.7376368492709853,0,0,123.2552,242.0745,27.7293,22.25,27.625,33.625,36.875,42.75,49.875,27.9607,22.2,27.85,34,37.35,43.2525,50.6015,27.9607,22.2,27.85,34,37.35,43.2525,50.6015,27.7245,22.2,27.65,33.45,36.75,42.4525,49.701,8.49001,8.7458,8.7458,8.40501,13.2515,26.1996,2.49392,2.47416,3.51642,0.7635,2.75292,3.56792,1.71442,0.530917,1.231
40824037,Saddiq Bey,SF/PF/F/UTIL,NOP,GSW,Confirmed,5200,25.25,27.27,23.25,27.27,5.24423076923077,15.33,14.82417994929121,0,0,110.1812,228.6794,27.2708,22,27.75,33.875,37.125,42.875,50,26.4751,21.25,27,33,36.3,41.75,48.9515,26.4751,21.25,27,33,36.3,41.75,48.9515,26.5701,21.5,27.05,32.95,36.1,41.55,48.3505,8.70604,8.60025,8.60025,8.38983,15.0358,28.906,2.5735,2.24075,5.37641,1.5075,3.86892,2.29158,0.946666,0.196084,1.04675
40824045,Jeremiah Fears,PG/G/UTIL,NOP,GSW,Confirmed,5100,24.75,27.25,25.25,27.25,5.343137254901961,19.88,18.86688655099486,0,100,110.1812,228.6794,27.2457,21.5,27.1875,33.125,36.375,42.25,49.1263,26.6293,20.725,26.55,32.75,36.1,42.0025,48.8505,26.6293,20.725,26.55,32.75,36.1,42.0025,48.8505,27.1534,21.45,27.05,33,36.2,41.9025,48.701,8.52576,8.7669,8.7669,8.44367,16.1221,27.8204,4.36983,1.63733,2.342,0.638,1.704,3.8665,1.31042,0.19175,2.2765
40823990,Royce O'Neale,PF/F/UTIL,PHX,ATL,Confirmed,5900,12.5,27.07,12.5,27.07,4.588135593220339,1.57,1.9219970421391406,0,0,113.8815,226.703,27.072,21.375,26.75,32.625,35.875,41.2562,48.25,26.6354,20.9,26.4,32.15,35.45,40.9,48.1505,26.6354,20.9,26.4,32.15,35.45,40.9,48.1505,26.7268,21.15,26.45,32.05,35.3,40.5025,47.501,8.28794,8.3507,8.3507,8.08726,11.7889,29.3023,1.11992,2.76908,4.97242,1.04783,3.92459,3.11508,1.17942,0.7085,1.31917
40824085,Anthony Black,PG/SG/G/UTIL,ORL,HOU,Confirmed,4600,31.25,26.42,31.25,26.42,5.743478260869566,27.52,25.226690168316576,0,100,109.8973,225.21859999999998,26.4233,21.125,26.625,32.375,35.75,41.25,47.7513,26.844,21.15,27.15,33.4,36.8,43.05,50.102,26.844,21.15,27.15,33.4,36.8,43.05,50.102,27.1757,21.7,27.4,33.4,36.6575,42.55,49.4505,8.33416,8.99349,8.99349,8.58247,12.5712,29.3664,3.19725,1.34058,3.62225,0.937917,2.68433,3.5565,1.81009,0.71525,2.36441
40823968,Brandin Podziemski,PG/SG/G/UTIL,GSW,NOP,,6400,28.75,26.36,28.75,26.36,4.11875,0.22,0.3304493878307851,0,0,118.4982,228.6794,26.3605,20.125,25.375,30.875,33.875,39.25,45.375,25.7052,19.45,24.65,30.05,33.3,38.5,44.7505,25.7052,19.45,24.65,30.05,33.3,38.5,44.7505,25.9195,19.8,24.9,30.2125,33.35,38.3025,44.45,7.8433,7.85896,7.85896,7.63483,12.8444,23.9308,3.17291,1.79559,4.73258,0.989167,3.74342,2.98342,0.981417,0.189416,1.49458
40824048,Herbert Jones,SF/F/UTIL,NOP,GSW,Confirmed,5000,13,26.33,13,26.33,5.266,15.33,14.831796374998538,0,100,110.1812,228.6794,26.3281,21.125,26.625,32.5,35.625,41.25,47.2513,26.3997,21.1,26.825,32.75,36.4,42.25,48.4,26.3997,21.1,26.825,32.75,36.4,42.25,48.4,26.6847,21.5,27.05,32.8,36.1,41.7525,47.8005,8.27796,8.71169,8.71169,8.35923,12.998,32.6795,3.01858,1.52316,3.80659,1.04141,2.76517,3.44092,1.58,0.57175,2.01667
40824016,Jabari Smith Jr.,PF/F/UTIL,HOU,ORL,Confirmed,5400,28.5,26.27,28.5,26.27,4.864814814814815,7.12,7.444147901792524,0,100,115.3213,225.21859999999998,26.2722,20.25,25.375,30.875,33.875,39.375,45,25.5681,19.5,24.7,30.15,33.1,38.4,44.201,25.5681,19.5,24.7,30.15,33.1,38.4,44.201,25.8723,19.95,24.95,30.3125,33.25,38.4,44.25,7.7929,7.77753,7.77753,7.61582,14.4004,31.5308,2.97408,2.09717,5.69725,1.22933,4.46792,0.962585,0.5725,0.612167,1.22017
40824034,Ace Bailey,SF/F/UTIL,UTA,CHI,Confirmed,5200,8.75,26.15,8.75,26.15,5.028846153846153,8.72,8.95053544562552,0,100,118.8193,242.0745,26.1454,20.75,25.875,31.5,34.625,40.25,46.5,26.0708,20.45,25.75,31.55,34.95,40.6,46.902,26.0708,20.45,25.75,31.55,34.95,40.6,46.902,26.3133,20.85,25.975,31.6,34.9,40.4,46.6505,7.98423,8.2481,8.2481,8.02905,13.5598,28.0676,3.40441,1.54092,4.7055,0.9775,3.728,2.36383,0.888333,0.71425,1.35408
40824041,Collin Gillespie,PG/SG/G/UTIL,PHX,ATL,,5100,39,26.07,41.75,26.07,5.1117647058823525,29.54,26.437093377483023,0,100,113.8815,226.703,26.073,20.75,25.875,31.125,34.25,39.5,45.125,25.7004,20.45,25.5,30.85,34,39.35,45.1505,25.7004,20.45,25.5,30.85,34,39.35,45.1505,25.8183,20.7,25.6,30.75,33.7,38.9,44.5505,7.58788,7.75189,7.75189,7.44528,11.6142,23.2393,2.09784,1.92158,3.64041,0.814333,2.82609,4.49459,1.246,0.28,1.40575
40824027,Naji Marshall,SF/PF/F/UTIL,DAL,POR,,5200,27.75,25.51,27.75,25.51,4.905769230769231,6.89,7.211187109717803,0,100,115.4618,234.377,25.5089,19.375,24.375,29.875,32.875,38.375,44.375,25.419,19.1,24.2,29.85,33.05,38.7525,44.95,25.419,19.1,24.2,29.85,33.05,38.7525,44.95,25.5048,19.3,24.35,29.8,32.9,38.45,44.3005,7.8742,8.13331,8.13331,7.86454,11.5617,22.8907,2.97396,1.03579,5.25679,1.33687,3.91991,2.74254,1.11346,0.199792,1.27442
40824079,Tristan da Silva,SF/PF/F/UTIL,ORL,HOU,Confirmed,4700,32.5,25.2,32.5,25.2,5.361702127659574,20.65,19.686015493347973,0,100,109.8973,225.21859999999998,25.1971,19.625,25.25,31,34.375,40.25,47.0013,24.6983,19.15,24.75,30.65,33.915,39.8525,46.951,24.6983,19.15,24.75,30.65,33.915,39.8525,46.951,24.8945,19.45,24.925,30.7,34,39.7,46.5,8.46204,8.52709,8.52709,8.31425,13.3934,29.8716,2.78217,1.82608,4.99567,1.30791,3.68775,2.02425,0.931417,0.405917,1.28867
40824060,D'Angelo Russell,PG/G/UTIL,DAL,POR,,4800,24.5,25.01,24.5,25.01,5.210416666666667,13.43,13.22212879859297,0,100,115.4618,234.377,25.0086,20.5,25.5,30.75,33.875,39.625,46.125,24.2722,19.8,24.8,30.05,33.05,38.8,45.2005,24.2722,19.8,24.8,30.05,33.05,38.8,45.2005,24.6705,20.35,25.25,30.35,33.3,38.8025,45.051,7.72498,7.77742,7.77742,7.53712,13.5608,21.7404,2.77966,1.98246,2.12454,0.523791,1.60075,4.78621,0.91,0.278291,1.67279
40824055,Max Christie,SG/SF/F/G/UTIL,DAL,POR,Confirmed,4900,28,24.67,28,24.67,5.03469387755102,10.95,10.954727972623461,0,0,115.4618,234.377,24.6747,18.375,23.5,28.875,31.875,37.2562,43.6263,24.1558,17.75,22.95,28.4,31.5,36.9525,43.1505,24.1558,17.75,22.95,28.4,31.5,36.9525,43.1505,24.4015,18.25,23.25,28.5,31.5,36.75,42.8505,7.80057,7.88612,7.88612,7.6456,12.9308,29.4942,2.40963,2.06463,3.59321,0.898041,2.69516,2.18729,0.921084,0.482958,1.43062
40823931,Coby White,SG/G/UTIL,CHI,UTA,,7500,46,24.09,46,24.09,3.212,0.01,0.017630752228972504,0,0,123.2552,242.0745,24.09,18.625,23.75,29.125,32.375,37.75,43.6275,23.2021,17.8,22.8,28.25,31.3,36.75,43.001,23.2021,17.8,22.8,28.25,31.3,36.75,43.001,23.5186,18.25,23.15,28.35,31.4,36.75,42.8505,7.85867,7.81901,7.81901,7.58134,13.9321,22.8704,2.90442,2.217,1.8175,0.401334,1.41616,3.61058,0.9135,0.169916,1.554
40824067,Ryan Dunn,SF/PF/F/UTIL,PHX,ATL,Confirmed,4700,27.5,23.27,26,23.27,4.951063829787234,1.8,2.1439087391039227,0,0,113.8815,226.703,23.2659,18.25,23,28.125,31,36,42.375,23.9825,18.65,23.75,29.2,32.2575,37.3,44.2,23.9825,18.65,23.75,29.2,32.2575,37.3,44.2,23.698,18.55,23.45,28.7125,31.65,36.6,43.2515,7.38359,7.77603,7.77603,7.50248,8.241,26.2539,1.06167,1.74984,5.13892,1.02117,4.11775,2.46058,1.35292,0.90325,0.736667
40824051,Daniel Gafford,C/UTIL,DAL,POR,Confirmed,5000,38.5,22.91,38.5,22.91,4.582,0.74,1.0312631926655755,0,0,115.4618,234.377,22.9079,19.125,23.5,28.5,31.125,36,41.5013,23.784,19.5,24.45,29.8,32.8,38.1025,44.351,23.784,19.5,24.45,29.8,32.8,38.1025,44.351,24.0414,19.8875,24.75,30.05,32.9,38.2,44.402,6.96934,7.61723,7.61723,7.52204,9.60734,23.1362,3.963,0.0085,6.90129,1.65846,5.24284,1.79146,0.443166,1.32616,0.997208
40824093,Reed Sheppard,PG/SG/G/UTIL,HOU,ORL,,4600,30.75,22.81,30.75,22.81,4.958695652173913,8.5,8.66809175085676,0,0,115.3213,225.21859999999998,22.8081,17,22,27.25,30.25,35.5062,42.125,22.793,16.7,21.95,27.35,30.4,36.05,42.7005,22.793,16.7,21.95,27.35,30.4,36.05,42.7005,22.9528,17.15,22.15,27.35,30.25,35.6,42.0515,7.64428,7.94672,7.94672,7.59905,12.535,23.1875,2.65017,2.04625,0.904333,0.1915,0.712833,3.1875,1.40675,0.484417,1.7935
40824031,Ayo Dosunmu,SG/G/UTIL,CHI,UTA,,5200,26.25,22.54,26.25,22.54,4.334615384615384,0.64,0.8097002972305565,0,0,123.2552,242.0745,22.5392,17.375,22,27.25,30.125,35.1312,41.2513,22.3625,17.05,21.9,27.1125,30.05,35.2525,41.4005,22.3625,17.05,21.9,27.1125,30.05,35.2525,41.4005,22.4881,17.45,21.95,27.05,29.9,34.85,41.05,7.26572,7.42749,7.42749,7.18151,12.1327,21.8766,3.22991,1.50508,1.35408,0.317,1.03708,4.07225,0.932917,0.286833,1.22583
40824022,Zaccharie Risacher,SF/F/UTIL,ATL,PHX,Confirmed,5300,29.75,22.37,29.75,22.37,4.220754716981133,0.29,0.3729472024184021,0,0,112.8215,226.703,22.3729,16.875,21.625,27,29.875,35.25,41.1263,21.727,16.2,21.075,26.35,29.3,34.45,40.9505,21.727,16.2,21.075,26.35,29.3,34.45,40.9505,22.0394,16.65,21.4,26.5,29.5,34.4525,40.7505,7.50035,7.53968,7.53968,7.3531,13.4076,24.1172,2.92983,1.9405,2.678,0.545667,2.13233,1.847,0.658667,0.464833,1.29758
40823993,Moses Moody,SF/F/UTIL,GSW,NOP,Confirmed,5800,48.5,22.37,48.5,22.37,3.856896551724138,0.05,0.06741653154162176,0,100,118.4982,228.6794,22.3717,16.0938,21,26.125,29.125,34.0062,40.7513,22.0892,15.75,20.6,25.75,28.7,33.75,40.35,22.0892,15.75,20.6,25.75,28.7,33.75,40.35,22.1319,15.9,20.7,25.7,28.5,33.65,39.951,7.4035,7.43958,7.43958,7.24746,12.993,27.2954,2.30733,2.24534,3.09075,0.58475,2.506,0.6885,0.810417,0.60775,1.00108
40824139,Jalen Smith,C/UTIL,CHI,UTA,,4000,25,21.96,25,21.96,5.49,13.36,13.204101096021983,0,0,123.2552,242.0745,21.959,16.375,21.375,26.875,30.3937,36.5,43.375,21.7578,16.05,21.15,26.8,30.3,36.55,43.65,21.7578,16.05,21.15,26.8,30.3,36.55,43.65,21.9816,16.3,21.4,26.95,30.5,36.7025,43.55,7.99819,8.11221,8.11221,8.0202,10.7112,17.5005,2.72067,1.22733,5.87266,1.39934,4.47333,1.0355,0.42275,0.714583,0.8615
40824130,Jordan Goodwin,SG/SF/F/G/UTIL,PHX,ATL,,4100,27.75,21.73,26.5,21.73,5.3,18.52,17.684894455195998,0,0,113.8815,226.703,21.7292,17.75,22.625,27.625,30.5,35.75,42.875,22.2231,17.9375,23.2,28.7,31.8,37.505,45.151,22.2231,17.9375,23.2,28.7,31.8,37.505,45.151,22.2829,18.2,23.2,28.35,31.4,36.8025,43.6505,7.37135,7.96224,7.96224,7.57275,8.52867,21.8708,2.01433,1.02292,5.515,1.24667,4.26833,2.26525,1.69884,0.553,1.64341
40824089,Kyle Filipowski,PF/C/F/UTIL,UTA,CHI,,4600,22.75,21.27,22.75,21.27,4.62391304347826,2.47,2.7919347951301714,0,0,118.8193,242.0745,21.2684,16.375,20.625,25.5,28.25,33.25,38.75,20.937,15.8875,20.3,25.25,28.1075,33.3,38.9005,20.937,15.8875,20.3,25.25,28.1075,33.3,38.9005,21.2425,16.3,20.6,25.45,28.1575,33.3025,38.801,6.91023,7.09001,7.09001,6.89873,8.624,19.9391,2.11283,1.09017,6.24959,1.39392,4.85567,1.595,0.758916,0.4495,1.32433
40824019,Isaiah Collier,PG/G/UTIL,UTA,CHI,,5300,37,21.06,37,21.06,3.973584905660377,0.12,0.17099694108840635,0,0,118.8193,242.0745,21.0637,15.875,20.375,25.125,27.75,32.25,37.0013,20.9775,15.55,20.3,25.15,28.05,32.85,38.2005,20.9775,15.55,20.3,25.15,28.05,32.85,38.2005,21.5169,16.2,20.85,25.5,28.3,32.9025,38.1005,6.75756,7.1734,7.1734,6.8843,7.64,22.0926,1.93884,0.68025,2.41875,0.536583,1.88216,5.25209,1.13341,0.316833,2.22466
40824168,Steven Adams,C/UTIL,HOU,ORL,,3600,18.25,20.29,17,20.29,5.636111111111111,11.05,10.96737695313978,0,100,115.3213,225.21859999999998,20.2918,15.375,19.625,24.25,27.0187,32.125,38.5013,20.4724,15.25,19.7,24.75,27.65,32.8525,39.851,20.4724,15.25,19.7,24.75,27.65,32.8525,39.851,20.7904,15.65,20.1,25.0125,27.8,32.9025,39.902,6.69182,7.14108,7.14108,7.00036,5.34534,21.2041,2.14,0.0819167,8.0615,1.76208,6.29942,1.93075,0.677583,0.587583,1.35467
40824143,Jose Alvarado,PG/G/UTIL,NOP,GSW,,3900,23.25,20.25,23.25,20.25,5.1923076923076925,9.97,10.077943623374745,0,0,110.1812,228.6794,20.253,15.875,20.625,25.5,28.25,33.125,39.1263,19.9605,15.4,20.325,25.45,28.3,33.2,39.3,19.9605,15.4,20.325,25.45,28.3,33.2,39.3,20.101,15.75,20.45,25.3,27.9575,32.7025,38.4,7.08896,7.28876,7.28876,6.98543,9.20642,20.489,1.74691,1.53567,2.58225,0.737917,1.84433,3.77325,1.11208,0.207167,1.27217
40824071,Al Horford,PF/C/F/UTIL,GSW,NOP,,4700,22,19.85,22,19.85,4.223404255319149,1.82,2.0721991610023145,0,0,118.4982,228.6794,19.849,15.25,19.5,24.125,26.75,31.25,36.3775,19.7265,15.05,19.4,24,26.6,31.3525,36.701,19.7265,15.05,19.4,24,26.6,31.3525,36.701,19.8413,15.3,19.5,24.1,26.6,31.3,36.351,6.56738,6.68296,6.68296,6.54958,7.80233,20.8536,1.28525,1.5785,4.80025,0.945,3.85525,2.12717,0.471,0.762417,0.7265
40824104,Mouhamed Gueye,PF/C/F/UTIL,ATL,PHX,,4400,0.75,19.27,0.75,19.27,4.379545454545455,0.86,1.0205322695688992,0,100,112.8215,226.703,19.2741,15.25,19.5,24.375,27,32.25,38.3775,19.6814,15.4375,19.85,24.9625,27.9,33.45,39.75,19.6814,15.4375,19.85,24.9625,27.9,33.45,39.75,19.7354,15.6,19.925,24.9,27.8,33.1525,39.451,6.78825,7.21053,7.21053,6.99806,7.34216,20.6152,1.87784,0.757583,5.16667,1.1465,4.02016,2.15259,0.829583,0.71775,0.916084
40824118,Klay Thompson,SG/SF/F/G/UTIL,DAL,POR,,4200,29.75,18.57,29.75,18.57,4.421428571428572,2.4,2.5370143812403323,0,0,115.4618,234.377,18.5682,14.25,18.75,23.875,26.625,31.6313,37.625,17.714,13.45,17.95,22.85,25.6,30.5525,36.7505,17.714,13.45,17.95,22.85,25.6,30.5525,36.7505,17.9352,13.85,18.15,23,25.65,30.4025,36.4,7.14131,6.97253,6.97253,6.81299,11.4689,20.0396,1.70116,2.1965,2.33279,0.581958,1.75083,1.72896,0.553291,0.293709,1.00267
40824176,Patrick Williams,SF/PF/F/UTIL,CHI,UTA,,3500,12.75,17.96,12.75,17.96,5.131428571428572,12.12,12.093203632379177,0,0,123.2552,242.0745,17.9599,13.125,17.5,22.25,25.125,30.625,37.125,18.344,13.1,17.85,23,25.9,31.5,38.5505,18.344,13.1,17.85,23,25.9,31.5,38.5505,18.3642,13.35,17.9,22.75,25.7,31.05,37.6515,7.01886,7.36322,7.36322,7.09417,8.63684,22.5471,1.83209,1.28033,2.96591,0.677667,2.28825,1.44033,1.15925,0.597333,1.21567
40824097,Svi Mykhailiuk,SG/G/UTIL,UTA,CHI,Confirmed,4500,17.5,17.88,17.5,17.88,3.973333333333333,0.33,0.3328424508637593,0,0,118.8193,242.0745,17.8832,12.875,17.5,22.625,25.625,30.625,36.2513,17.5158,12.45,17.25,22.2,25.2,30.3,36.1005,17.5158,12.45,17.25,22.2,25.2,30.3,36.1005,17.7438,12.9,17.5,22.4,25.15,30.1,35.7005,7.09994,7.18713,7.18713,6.91892,9.67108,25.2579,1.40866,1.92083,1.46317,0.302916,1.16025,2.37358,1.0265,0.3605,1.4985
40824184,Kris Murray,SG/SF/F/G/UTIL,POR,DAL,,3400,22.25,17.65,22.25,17.65,5.191176470588235,14.38,14.119262996007008,0,100,118.9152,234.377,17.6498,13.625,17.5,21.75,24.1437,28.25,33.75,17.8855,13.5,17.675,22.2,24.6575,29.2,35.0005,17.8855,13.5,17.675,22.2,24.6575,29.2,35.0005,17.843,13.65,17.65,22.05,24.4,28.7,34.25,6.09589,6.42696,6.42696,6.16379,6.61,23.1316,1.45738,0.96675,4.20988,0.98625,3.22362,2.14259,0.968875,0.383292,0.879667
40824113,Vit Krejci,SG/SF/F/G/UTIL,ATL,PHX,,4200,15.75,17.51,15.75,17.51,4.169047619047619,0.42,0.4612709329833164,0,0,112.8215,226.703,17.5093,13,17.25,21.875,24.625,29.5,35.375,16.8972,12.4,16.65,21.3,23.95,28.7525,34.7515,16.8972,12.4,16.65,21.3,23.95,28.7525,34.7515,17.2234,12.9,17,21.55,24.15,28.9,34.8505,6.70452,6.70006,6.70006,6.5226,9.12459,22.2839,1.59717,1.66725,2.15259,0.462916,1.68967,2.58559,0.5395,0.382167,1.27708
40824083,Dereck Lively II,C/UTIL,DAL,POR,D,4600,10.25,17.48,10.25,17.48,3.8,0.05,0.06683651183703726,0,0,115.4618,234.377,17.4774,13.25,17.25,21.5,24,28.375,33.75,18.2493,13.55,17.95,22.75,25.4,30.2,36.1005,18.2493,13.55,17.95,22.75,25.4,30.2,36.1005,18.3735,13.75,18.1,22.7,25.35,30,36.0005,6.14112,6.74479,6.74479,6.60374,6.00458,18.7687,2.55742,0.0185833,5.41871,1.32321,4.0955,1.53746,0.625709,0.853292,0.878625
40824125,Luke Kennard,SG/SF/F/G/UTIL,ATL,PHX,,4100,1.25,17.31,1.25,17.31,4.221951219512195,0.76,0.8025932513913293,0,0,112.8215,226.703,17.3073,13,17.25,22.125,25,30,36.0013,16.4602,12.25,16.5,21.15,23.85,28.8,34.751,16.4602,12.25,16.5,21.15,23.85,28.8,34.751,16.6465,12.6,16.7,21.3,23.9,28.65,34.4005,6.84598,6.69458,6.69458,6.47028,8.433,22.7981,0.942083,1.948,2.82817,0.607417,2.22075,2.58842,0.741584,0.05625,1.11925
40824063,Will Richard,PG/SG/G/UTIL,GSW,NOP,Confirmed,4800,18.75,16.55,18.75,16.55,3.447916666666667,0.23,0.2486314193744188,0,0,118.4982,228.6794,16.5531,11.625,15.625,19.875,22.375,26.75,32,16.7715,11.5,15.75,20.25,22.7,27.4025,32.551,16.7715,11.5,15.75,20.25,22.7,27.4025,32.551,16.6891,11.75,15.75,20,22.4,26.75,31.9005,6.08287,6.36997,6.36997,6.07284,7.85258,23.361,1.84583,1.08733,2.56742,0.485334,2.08208,1.49408,1.09492,0.233167,1.03742
40824244,Kevin Love,C/UTIL,UTA,CHI,,3100,26,16.4,26,16.4,5.29032258064516,3.83,3.830000000000007,0,0,118.8193,242.0745,16.3967,11.625,15.75,20.25,23.25,28.5,34.75,16.0334,11.25,15.35,20.05,22.9,28,34.3,16.0334,11.25,15.35,20.05,22.9,28,34.3,16.0842,11.45,15.45,20,22.75,27.75,33.85,6.64855,6.63214,6.63214,6.48491,5.94283,14.8637,0.73825,1.14575,4.88316,1.12759,3.75558,1.64217,0.624166,0.20225,0.7115
40824148,Josh Okogie,SG/G/UTIL,HOU,ORL,Confirmed,3800,9,16.33,9,16.33,4.2973684210526315,1.08,1.093945233418351,0,0,115.3213,225.21859999999998,16.3334,11.5,15.5,20.125,22.75,27.625,33.5,17.544,12.15,16.7,21.7125,24.6,29.8525,36.2,17.544,12.15,16.7,21.7125,24.6,29.8525,36.2,17.1392,12.1,16.4,21.1,23.8,28.8,34.7,6.44192,7.07955,7.07955,6.67671,7.35642,26.3971,1.44409,0.925417,1.89458,0.418167,1.47642,1.3045,1.82317,0.4205,1.04166
40824162,Goga Bitadze,C/UTIL,ORL,HOU,,3700,14.5,16.02,14.5,16.02,4.3297297297297295,0.42,0.469630229757946,0,0,109.8973,225.21859999999998,16.0167,11.75,15.625,19.625,22,26.125,31.0012,16.852,12.15,16.35,20.9,23.55,28.15,34.051,16.852,12.15,16.35,20.9,23.55,28.15,34.051,16.871,12.25,16.35,20.85,23.4,27.8,33.301,5.85857,6.50187,6.50187,6.30825,4.89341,16.8999,1.67167,0.211583,4.62758,1.34425,3.28333,1.63417,0.728666,0.82875,0.78125
40824156,Isaac Okoro,SF/F/UTIL,CHI,UTA,Confirmed,3700,21,15.83,21,15.83,4.278378378378378,2.5,2.479749334996361,0,0,123.2552,242.0745,15.8267,11.25,15.25,19.875,22.75,27.5,34,16.5044,11.6,16,20.8,23.7,28.75,35.1505,16.5044,11.6,16,20.8,23.7,28.75,35.1505,16.2277,11.5,15.7,20.3125,23.25,28.0525,34.1505,6.60245,6.92598,6.92598,6.67183,7.585,24.7855,1.57817,1.1035,1.80342,0.387666,1.41575,1.68375,1.15658,0.4725,0.633667
40824164,Jonathan Isaac,PF/C/F/UTIL,ORL,HOU,,3600,11,15.53,11,15.53,4.313888888888889,1.42,1.477793797177868,0,0,109.8973,225.21859999999998,15.5312,11.5,15.25,19.5,22.125,26.75,31.875,16.7715,12.15,16.45,21.2,24.15,29.3,35.0005,16.7715,12.15,16.45,21.2,24.15,29.3,35.0005,16.4655,12.05,16.15,20.7,23.45,28.4025,33.8515,6.12072,6.84769,6.84769,6.55051,5.03892,17.1826,1.16567,0.60075,4.29209,1.311,2.98108,0.771334,1.26233,0.825666,0.604584
40824221,Robert Williams,C/UTIL,POR,DAL,,3200,19.75,15.23,19.75,15.23,4.7593749999999995,1.1,1.1275954346616064,0,0,118.9152,234.377,15.2346,11.5,15.25,19.625,22.5,27.375,33.7525,15.8997,11.7,15.9,20.7,23.7075,29.2,35.952,15.8997,11.7,15.9,20.7,23.7075,29.2,35.952,15.9515,11.9,15.9,20.6125,23.65,29,35.601,6.37328,6.95084,6.95084,6.81531,5.18609,14.9326,2.14192,0.0644166,5.12408,1.18709,3.937,1.34579,0.532375,0.767875,0.617917
40824108,Buddy Hield,SG/SF/F/G/UTIL,GSW,NOP,,4300,23.5,14.92,23.5,14.92,3.469767441860465,0.29,0.25928982456813765,0,0,118.4982,228.6794,14.9206,10.125,14.25,18.75,21.625,26.75,32.8763,14.4421,9.8,13.75,18.25,21.05,26.15,32.0505,14.4421,9.8,13.75,18.25,21.05,26.15,32.0505,14.5007,10,13.85,18.2,20.95,25.85,31.501,6.53515,6.43188,6.43188,6.26864,7.1,16.6213,1.02092,1.53691,2.45983,0.495916,1.96391,1.84017,0.569417,0.194584,0.713333
40824151,Brice Sensabaugh,SG/SF/F/G/UTIL,UTA,CHI,,3800,29,14.61,29,14.61,3.844736842105263,0.62,0.5541371985504466,0,0,118.8193,242.0745,14.6147,9.875,14.125,18.75,21.5,26.5,33.25,14.0506,9.5,13.55,18.1,20.75,25.9,32.6005,14.0506,9.5,13.55,18.1,20.75,25.9,32.6005,14.3024,9.8,13.8,18.25,20.9,25.9,32.4505,6.62928,6.58492,6.58492,6.42465,8.65841,14.2448,1.54209,1.31633,2.18291,0.5195,1.66342,1.19258,0.603,0.13425,1.125
40824172,Gary Payton II,PG/SG/G/UTIL,GSW,NOP,,3600,9.75,13.99,9.75,13.99,3.886111111111111,0.64,0.5549765001762156,0,0,118.4982,228.6794,13.9853,9.125,13,17.5,20.375,25.625,31.7512,14.3357,9.2875,13.3,18.1,21.1,26.6,33.25,14.3357,9.2875,13.3,18.1,21.1,26.6,33.25,14.2602,9.35,13.2,17.9,20.8,26.1025,32.7,6.40277,6.74657,6.74657,6.53349,6.17633,16.2446,1.97517,0.574,2.95442,0.609583,2.34483,1.16775,0.793667,0.309583,0.644834
40824204,Tyus Jones,PG/G/UTIL,ORL,HOU,,3300,7.5,13.1,7.5,13.1,3.9696969696969693,0.66,0.6360889840398647,0,0,109.8973,225.21859999999998,13.0986,9.375,12.875,16.875,19.25,23.5,28.3762,12.9484,9.05,12.8,16.85,19.2575,23.65,28.751,12.9484,9.05,12.8,16.85,19.2575,23.65,28.751,13.0081,9.35,12.85,16.75,19.15,23.2525,28.35,5.68212,5.81728,5.81728,5.59628,5.56692,17.4927,1.1545,0.849666,1.72717,0.513417,1.21375,2.70258,0.7115,0.0699167,0.779833
40824135,Keaton Wallace,PG/SG/G/UTIL,ATL,PHX,,4000,9.75,12.61,9.75,12.61,3.1525,0.21,0.1918247048011983,0,0,112.8215,226.703,12.6079,9,12.5,16.625,18.875,23.375,29.75,12.6018,8.75,12.55,16.75,19.2,23.9,30.2,12.6018,8.75,12.55,16.75,19.2,23.9,30.2,12.7443,9.05,12.65,16.8,19.1,23.655,29.7005,5.7799,6.03448,6.03448,5.81728,5.27592,16.2237,1.13125,0.818416,2.44692,0.5385,1.90841,1.83258,0.700584,0.330833,0.988667
40824207,Kevon Looney,C/UTIL,NOP,GSW,,3300,0,12.22,,12.22,3.703030303030303,0.17,0.17000000000000007,0,0,110.1812,228.6794,12.2159,9.125,12.375,15.875,18.25,22.25,27.7512,12.4818,9.1,12.5,16.5,18.95,23.35,29.401,12.4818,9.1,12.5,16.5,18.95,23.35,29.401,12.4908,9.15,12.5,16.45,18.85,23.1,29.001,5.30184,5.69007,5.69007,5.57074,3.40317,13.953,1.3895,0.0165833,4.30241,1.18375,3.11866,1.805,0.36925,0.366417,0.326333
40824236,Karlo Matkovic,PF/C/F/UTIL,NOP,GSW,,3200,14.5,11.59,14.5,11.59,3.621875,0.45,0.37417688846489594,0,0,110.1812,228.6794,11.5892,7.375,10.75,14.5,16.875,20.875,25.25,11.551,7.25,10.7,14.7,17.05,21.35,25.9005,11.551,7.25,10.7,14.7,17.05,21.35,25.9005,11.7752,7.55,10.9,14.8,17.15,21.25,25.85,5.31167,5.54776,5.54776,5.42236,5.0395,12.0183,1.4465,0.437167,2.64091,0.743002,1.89792,1.13617,0.361167,0.357917,0.812584
40824189,Jett Howard,SF/PF/F/UTIL,ORL,HOU,,3400,15,10.93,15,10.93,3.2147058823529413,0.25,0.18513299175973888,0,0,109.8973,225.21859999999998,10.9303,6.875,10.375,14.25,16.6437,20.875,26.2525,10.4839,6.45,9.95,13.8,16.1,20.105,25.35,10.4839,6.45,9.95,13.8,16.1,20.105,25.35,10.6406,6.7,10.15,13.85,16.15,20.05,25.101,5.54027,5.43417,5.43417,5.31951,5.75925,15.2409,0.686916,1.20275,1.54925,0.441,1.10825,1.232,0.314166,0.22775,0.615
40824391,Caleb Love,PG/G/UTIL,POR,DAL,,3000,9.5,10.42,9.5,10.42,3.4733333333333336,1.6,1.2882906273196209,0,0,118.9152,234.377,10.4229,6.625,10.375,14.875,17.625,22.625,29.5,9.76713,6.15,9.6,14,16.6,21.4,28.151,9.76713,6.15,9.6,14,16.6,21.4,28.151,10.1046,6.6,10.05,14.35,16.8575,21.65,28.1505,6.20862,5.9805,5.9805,5.9346,7.262,11.8882,1.57746,0.979833,1.23442,0.293916,0.9405,1.23937,0.1695,0.0962083,0.89875
40824141,Oso Ighodaro,C/UTIL,PHX,ATL,,4000,1.5,10.15,1.5,10.15,2.5375,0.02,0.013822742186959535,0,0,113.8815,226.703,10.1537,6.875,9.875,13.625,15.75,19.625,24.375,10.4681,7,10.3,14.15,16.5,20.7,25.551,10.4681,7,10.3,14.15,16.5,20.7,25.551,10.5686,7.1375,10.4,14.15,16.4,20.4525,25.45,5.01725,5.43316,5.43316,5.26815,4.00291,14.7407,1.41742,0.221917,2.44842,0.51925,1.92917,1.25375,0.511917,0.404917,0.714667
40824227,Jordan Hawkins,SG/SF/F/G/UTIL,NOP,GSW,,3200,13.5,9.97,13.5,9.97,3.1156250000000005,0.55,0.4168225826088,0,0,110.1812,228.6794,9.96683,6.25,9.625,13.5,15.75,20.375,26.25,9.56227,5.95,9.2,13.1,15.3075,19.7,25.4005,9.56227,5.95,9.2,13.1,15.3075,19.7,25.4005,9.71277,6.1,9.35,13.15,15.4,19.705,25.351,5.52874,5.4167,5.4167,5.33848,5.443,12.7058,0.775667,0.98275,1.923,0.579834,1.34317,0.875333,0.248167,0.189084,0.532583
40824146,Nick Richards,C/UTIL,PHX,ATL,,3900,10.25,9.67,10.25,9.67,2.479487179487179,0.02,0.012190997492687546,0,0,113.8815,226.703,9.66617,6.5,9.625,13.5,15.75,20.1313,25.7512,9.74333,6.3,9.7,13.8,16.2,20.85,26.8,9.74333,6.3,9.7,13.8,16.2,20.85,26.8,9.98383,6.6,9.95,14,16.4,21.0025,26.9,5.33325,5.63553,5.63553,5.6041,4.28717,10.5074,1.58,0.0214166,3.63742,0.781667,2.85575,0.363667,0.159084,0.466417,0.636083
40824180,Aaron Holiday,PG/SG/G/UTIL,HOU,ORL,,3500,12.25,9.23,12.25,9.23,2.6371428571428575,0.11,0.06266589600873364,0,0,115.3213,225.21859999999998,9.22575,5.25,8.3125,12.125,14.625,19.125,24.875,8.90523,5,8.1,11.8,14.2,18.5525,24.001,8.90523,5,8.1,11.8,14.2,18.5525,24.001,9.04407,5.2,8.15,11.95,14.2,18.55,24.151,5.35687,5.29995,5.29995,5.18965,4.982,11.9358,0.890666,0.81425,0.90775,0.2005,0.70725,1.33567,0.327,0.114167,0.5935
40824100,Yves Missi,C/UTIL,NOP,GSW,,4400,23.25,8.63,23.25,8.63,1.9613636363636364,0.01,0.004904074124404585,0,0,110.1812,228.6794,8.63467,5.125,8.125,11.5,13.375,17.5,22,8.7891,5.1875,8.2,11.75,13.9,18.2025,23.1005,8.7891,5.1875,8.2,11.75,13.9,18.2025,23.1005,8.90377,5.3,8.3,11.85,13.9575,18.2,23.1,4.71291,4.99613,4.99613,4.93837,3.71325,10.6074,1.16183,0.121,1.94025,0.562167,1.37809,1.06708,0.173833,0.351833,0.387334
40824102,Quinten Post,C/UTIL,GSW,NOP,,4400,13.25,8.22,13.25,8.22,1.8681818181818184,0.06,0.026043962154778284,0,0,118.4982,228.6794,8.22358,4.125,7.375,11.375,14,19.0063,24.875,7.9293,3.85,7.05,11.05,13.7,18.6,24.351,7.9293,3.85,7.05,11.05,13.7,18.6,24.351,8.12163,4.1,7.3,11.25,13.9,18.7025,24.4015,5.58049,5.51371,5.51371,5.46721,4.11708,9.78622,0.81275,0.683167,1.51734,0.3185,1.19883,0.959585,0.185166,0.218917,0.5765
40824216,Clint Capela,C/UTIL,HOU,ORL,,3200,0,8.08,,8.08,2.525,0.06,0.03412900347350679,0,0,115.3213,225.21859999999998,8.08,4.625,7.125,10.25,12.375,16.2563,20.8762,8.4844,4.725,7.5,11,13.25,17.3,22.2505,8.4844,4.725,7.5,11,13.25,17.3,22.2505,8.41157,4.75,7.425,10.9,13.05,17.1,22.1505,4.44929,4.81698,4.81698,4.7342,1.44509,10.8876,0.578583,0.0146667,3.68708,0.813,2.87408,0.42025,0.272583,0.36225,0.1405
40824170,Moussa Cisse,C/UTIL,DAL,POR,,3600,8.25,8,8.25,8,2.2222222222222223,0.06,0.03604392083878726,0,0,115.4618,234.377,8.00225,4.75,7.25,10.2812,12.25,15.75,20.0012,8.34463,4.75,7.55,11,13.05,16.75,21.652,8.34463,4.75,7.55,11,13.05,16.75,21.652,8.37213,4.9,7.6,10.9,12.9,16.6025,21.2005,4.35006,4.7547,4.7547,4.60379,1.83746,10.1557,0.451167,0.188583,2.27709,0.557167,1.71992,1.18113,0.439,0.340708,0.519417
40824249,Micah Peavy,SF/PF/F/UTIL,NOP,GSW,,3100,2.75,7.77,2.75,7.77,2.5064516129032257,0.4,0.2718773036020258,0,0,110.1812,228.6794,7.77117,4.75,7.5,10.875,13,16.625,21.75,7.77537,4.6,7.5,11.05,13.2,17,22.45,7.77537,4.6,7.5,11.05,13.2,17,22.45,7.7982,4.7,7.5,10.95,13.1,16.75,21.7515,4.6822,4.87206,4.87206,4.71345,3.51242,10.7311,0.857333,0.374584,1.5795,0.45,1.1295,1.08192,0.427917,0.092,0.423583
40824246,Sidy Cissoko,SG/G/UTIL,POR,DAL,,3100,4.5,7.48,4.5,7.48,2.412903225806452,0.29,0.19751352141137646,0,0,118.9152,234.377,7.47742,4.75,7.25,10.5,12.5,15.875,20.7512,7.719,4.75,7.6,10.95,13.05,17.05,22.25,7.719,4.75,7.6,10.95,13.05,17.05,22.25,7.7175,4.9,7.625,10.8,12.8,16.65,21.55,4.4028,4.76996,4.76996,4.57616,2.51238,12.7904,0.684042,0.215584,1.37267,0.313917,1.05875,1.66596,0.486416,0.1845,0.488292
40824201,Cody Williams,SF/F/UTIL,UTA,CHI,,3300,2.5,7.21,2.5,7.21,2.1848484848484846,0.11,0.06348867902570474,0,0,118.8193,242.0745,7.20833,4.25,6.75,9.875,11.75,15.375,20.25,7.30817,4.2,6.875,10.15,12.05,15.85,21.0505,7.30817,4.2,6.875,10.15,12.05,15.85,21.0505,7.41967,4.3,6.95,10.25,12.05,15.75,20.801,4.33813,4.5998,4.5998,4.48707,2.85275,12.2809,0.62725,0.33525,1.42941,0.332667,1.09675,1.04183,0.293333,0.318916,0.501666
40824352,Jae'Sean Tate,SF/PF/F/UTIL,HOU,ORL,,3000,0,6.98,,6.98,2.326666666666667,0.8,0.5523467425570172,0,0,115.3213,225.21859999999998,6.98008,3.75,6.25,9.40625,11.375,15.5,20.7512,7.15103,3.6,6.325,9.7,11.8,16.05,21.251,7.15103,3.6,6.325,9.7,11.8,16.05,21.251,7.10103,3.7,6.3,9.6,11.6,15.75,21.0505,4.46933,4.69191,4.69191,4.55032,2.40559,9.86444,0.709,0.188,1.68275,0.361583,1.32117,1.03708,0.401166,0.0884167,0.316916
40824307,Isaiah Livers,PF/F/UTIL,PHX,ATL,,3000,13.25,6.75,13.25,6.75,2.25,0.79,0.5643946644163693,0,0,113.8815,226.703,6.75183,3.875,6.375,9.375,11.125,14.5,18.3762,7.19223,4.1,6.825,10.1,12.05,15.9,20.35,7.19223,4.1,6.825,10.1,12.05,15.9,20.35,7.15007,4.1,6.8,9.9,11.8,15.45,19.7505,4.11267,4.59955,4.59955,4.37226,2.05533,15.7152,0.282167,0.394334,1.42983,0.327667,1.10216,0.7765,0.578084,0.390083,0.488667
40824428,Noah Penda,SG/SF/F/G/UTIL,ORL,HOU,,3000,0,6.68,,6.68,2.2266666666666666,0.91,0.6137892670907824,0,0,109.8973,225.21859999999998,6.6825,3.375,6.125,9.25,11.125,14.7563,20,6.74903,3.45,6.2,9.3,11.35,15.3,20.251,6.74903,3.45,6.2,9.3,11.35,15.3,20.251,6.8132,3.6,6.2,9.35,11.35,15.15,20.1505,4.35368,4.52906,4.52906,4.43349,2.92475,9.60734,0.64275,0.342,1.21359,0.378666,0.834918,0.88425,0.25625,0.2415,0.366666
40824265,Duop Reath,C/UTIL,POR,DAL,,3000,0,6.67,,6.67,2.223333333333333,0.53,0.35470097541519474,0,0,118.9152,234.377,6.6695,4.5,7.375,11,13.375,18,23.8762,6.63343,4.55,7.4,11,13.4,18.1025,23.8505,6.63343,4.55,7.4,11,13.4,18.1025,23.8505,6.69643,4.6,7.45,11.05,13.4,18.1,23.9505,5.16155,5.21623,5.21623,5.15625,3.39821,12.5807,0.7625,0.474041,1.38896,0.331625,1.05734,1.40188,0.179209,0.268791,0.298416
40824387,Rayan Rupert,PG/SG/G/UTIL,POR,DAL,,3000,3.75,6.35,3.75,6.35,2.1166666666666663,0.78,0.5304903794632317,0,0,118.9152,234.377,6.35067,3.875,6.5,9.75,11.875,15.875,20.875,6.317,3.85,6.55,9.95,11.95,15.9525,21.15,6.317,3.85,6.55,9.95,11.95,15.9525,21.15,6.32683,3.85,6.55,9.75,11.85,15.6,20.65,4.5552,4.65549,4.65549,4.51162,3.00284,10.3272,0.624375,0.449291,1.0585,0.268916,0.789584,1.35266,0.33925,0.0737917,0.356333
40824218,Asa Newell,PF/F/UTIL,ATL,PHX,,3200,9.75,5.22,9.75,5.22,1.6312499999999999,0.05,0.018577649989795216,0,0,112.8215,226.703,5.21633,2.5,5,7.75,9.75,13.5,18.25,4.9443,2.35,4.6,7.55,9.4,13.1,17.55,4.9443,2.35,4.6,7.55,9.4,13.1,17.55,5.08863,2.45,4.725,7.7,9.5,13.25,17.5505,4.13617,4.05276,4.05276,4.03096,2.77525,6.74048,0.622666,0.348166,1.16742,0.274667,0.892752,0.71575,0.0731667,0.075,0.37825
40824365,Dalen Terry,PF/F/UTIL,CHI,UTA,,3000,0,4.4,,4.4,1.4666666666666668,0.19,0.07944547149068446,0,0,123.2552,242.0745,4.39575,1.5,3.375,6.125,8.125,12.5,18.125,4.63837,1.5,3.4,6.55,8.8,13.2,19.2005,4.63837,1.5,3.4,6.55,8.8,13.2,19.2005,4.5627,1.5,3.45,6.4125,8.5575,12.95,18.8005,4.04913,4.33186,4.33186,4.20854,0.882667,5.25118,0.24225,0.0865,0.86075,0.207334,0.653417,1.0635,0.301416,0.10875,0.155667
40824240,Jevon Carter,PG/SG/G/UTIL,CHI,UTA,,3200,0,4.21,,4.21,1.315625,0.2,0.09734201325772193,0,0,123.2552,242.0745,4.21208,1.75,3.25,5.25,6.51875,9,12.375,4.16533,1.75,3.25,5.2,6.5,9,12.2505,4.16533,1.75,3.25,5.2,6.5,9,12.2505,4.14333,1.85,3.25,5.1,6.3575,8.85,12.2,2.74023,2.71417,2.71417,2.64329,1.74292,4.5178,0.227916,0.393167,0.43575,0.09925,0.3365,0.649335,0.202,0.0405833,0.185916
40824197,Walter Clayton Jr.,PG/SG/G/UTIL,UTA,CHI,,3400,0,4.19,,4.19,1.2323529411764707,0.15,0.05871288499197449,0,0,118.8193,242.0745,4.18617,1.375,3.125,5.875,7.5,11.125,15.875,4.27883,1.35,3.25,6.1,7.9,11.5,16.55,4.27883,1.35,3.25,6.1,7.9,11.5,16.55,4.2965,1.35,3.25,6.1,7.8,11.35,16.3005,3.59283,3.78155,3.78155,3.67456,1.71375,6.18061,0.415083,0.174333,0.7175,0.166083,0.551417,0.550917,0.252333,0.0946665,0.286917
40824253,Trayce Jackson-Davis,C/UTIL,GSW,NOP,,3100,4.75,4.16,4.75,4.16,1.3419354838709678,0.05,0.013666169245594759,0,0,118.4982,228.6794,4.15967,0.625,3,6,8.75,13.375,19.125,4.26213,0.6,2.95,6.3,8.95,13.75,19.7005,4.26213,0.6,2.95,6.3,8.95,13.75,19.7005,4.28497,0.6,3,6.3625,8.9,13.75,19.7005,4.41091,4.59017,4.59017,4.57682,1.51284,4.27031,0.626917,0.0085,1.26575,0.285167,0.980583,0.509833,0.0650833,0.15675,0.111584
40824294,Nigel Hayes-Davis,SF/PF/F/UTIL,PHX,ATL,,3000,0,3.65,,3.65,1.2166666666666668,0.25,0.10316936811335561,0,0,113.8815,226.703,3.64517,1,3.25,5.875,7.875,11.75,17.1262,3.69397,1,3.25,6.1625,7.95,12.1,17.9005,3.69397,1,3.25,6.1625,7.95,12.1,17.9005,3.6943,1.2,3.25,6.1,7.95,11.855,17.351,3.9357,4.07682,4.07682,3.96631,2.11892,4.99864,0.492083,0.229916,0.547167,0.117167,0.43,0.451333,0.259416,0.0639167,0.255583
40824420,Jamal Cain,SF/PF/F/UTIL,ORL,HOU,,3000,0,3.24,,3.24,1.08,0.2,0.07343630068549684,0,0,109.8973,225.21859999999998,3.237,0,2.125,4.875,6.875,11.3813,16.75,3.15467,0,2.1,4.7,6.85,11.2525,16.4,3.15467,0,2.1,4.7,6.85,11.2525,16.4,3.2225,0,2.25,4.95,6.85,11.3025,16.4,3.85166,3.84631,3.84631,3.82798,1.88658,3.55257,0.427583,0.178083,0.5965,0.179667,0.416833,0.237166,0.111833,0.055,0.235167
40824223,Pat Spencer,PG/SG/G/UTIL,GSW,NOP,,3200,6,3.21,6,3.21,1.0031249999999998,0.18,0.06588891054768665,0,0,118.4982,228.6794,3.21367,0.625,2.125,4.75,7,11.125,16.5012,3.233,0.5,2.1,4.9,6.95,11.4,16.85,3.233,0.5,2.1,4.9,6.95,11.4,16.85,3.2445,0.6,2.1,4.85,6.95,11.4,16.601,3.77745,3.87555,3.87555,3.82043,1.15367,4.31633,0.308917,0.1195,0.687167,0.153833,0.533333,0.610834,0.137833,0.0621666,0.167834
40824373,Julian Phillips,SF/PF/F/UTIL,CHI,UTA,,3000,12.25,2.77,12.25,2.77,0.9233333333333333,0.21,0.081964008003649,0,0,123.2552,242.0745,2.775,0.625,2,4,5.625,8.88125,13.5,2.9129,0.6,2.1,4.2,5.9,9.3,14.1505,2.9129,0.6,2.1,4.2,5.9,9.3,14.1505,2.85707,0.6,1.95,4.05,5.7,9.1025,13.751,3.04167,3.23,3.23,3.12564,0.83125,4.77591,0.160333,0.116834,0.588166,0.14475,0.443417,0.39575,0.200167,0.07675,0.0927498
40824326,Bryce McGowens,SG/SF/F/G/UTIL,NOP,GSW,,3000,11.25,2.35,11.25,2.35,0.7833333333333333,1.34,0.8365821441142023,0,0,110.1812,228.6794,2.35342,0.75,1.75,3.375,4.625,7.125,10,2.2624,0.7,1.75,3.25,4.5,6.85,9.7,2.2624,0.7,1.75,3.25,4.5,6.85,9.7,2.30973,0.75,1.8,3.35,4.55,6.95,9.7,2.28977,2.23266,2.23266,2.23581,1.47591,2.584,0.298,0.153084,0.373167,0.10875,0.264416,0.219916,0.0401666,0.03025,0.150166
40824267,Gui Santos,PF/F/UTIL,GSW,NOP,,3000,3.5,1.33,3.5,1.33,0.44333333333333336,0.23,0.08790448711616045,0,0,118.4982,228.6794,1.33492,0,0.625,2,3.125,5.375,7.875,1.3095,0,0.6,2.1,3.1,5.45,7.9005,1.3095,0,0.6,2.1,3.1,5.45,7.9005,1.32583,0,0.6,2.1,3.1,5.45,7.85,1.87335,1.86307,1.86307,1.85893,0.57475,1.56342,0.131,0.0675835,0.29575,0.0661665,0.229584,0.20875,0.0285833,0.0264167,0.0585835
40824280,EJ Harkless,PG/SG/G/UTIL,UTA,CHI,,3000,0,1.28,,1.28,0.42666666666666664,0.21,0.07728935001739759,0,0,118.8193,242.0745,1.27908,0,0.75,2,2.875,4.75,7.25,1.3091,0,0.75,2.1,3,4.85,7.6,1.3091,0,0.75,2.1,3,4.85,7.6,1.30693,0,0.75,2.1,3,4.85,7.35,1.66504,1.72504,1.72504,1.69543,0.6,1.75111,0.15025,0.0621665,0.249583,0.0569165,0.192667,0.16175,0.0584165,0.0401666,0.04875
40824212,Jaden Hardy,PG/SG/G/UTIL,DAL,POR,,3200,0,1.27,,1.27,0.396875,0.08,0.026551178009618644,0,0,115.4618,234.377,1.27375,0.625,1.5,2.875,3.75,5.875,8.75,1.20677,0.6,1.5,2.75,3.6,5.55,8.2,1.20677,0.6,1.5,2.75,3.6,5.55,8.2,1.2466,0.6,1.5,2.7625,3.75,5.7,8.2015,1.96406,1.89893,1.89893,1.89983,1.02663,2.05603,0.196,0.141,0.299375,0.073125,0.22625,0.303875,0.043375,0.0155,0.164375
40824298,Khaman Maluach,C/UTIL,PHX,ATL,,3000,0,1.16,,1.16,0.3866666666666666,0.13,0.04391648570370071,0,0,113.8815,226.703,1.16083,0,0.75,2,3,5,7.625,1.13843,0,0.75,2,3,4.9525,7.7,1.13843,0,0.75,2,3,4.9525,7.7,1.16193,0,0.75,2.1,3,4.95,7.6,1.75468,1.76212,1.76212,1.74662,0.793915,1.61602,0.179166,0.0848335,0.159917,0.0349167,0.125,0.174416,0.04325,0.0255,0.0984165
40824339,Jeff Green,PF/C/F/UTIL,HOU,ORL,,3000,0,0.98,,0.98,0.32666666666666666,0.19,0.07007668404953685,0,0,115.3213,225.21859999999998,0.980167,0,0.625,1.625,2.375,3.75,5.875,0.970633,0,0.6,1.5,2.25,3.7525,6,0.970633,0,0.6,1.5,2.25,3.7525,6,0.9793,0,0.6,1.5,2.25,3.7525,5.851,1.37107,1.38784,1.38784,1.37104,0.556085,1.67365,0.12625,0.0509165,0.166416,0.0371667,0.12925,0.0893335,0.0319166,0.0215834,0.05
40824259,Dwight Powell,C/UTIL,DAL,POR,,3000,0,0.66,,0.66,0.22,0.09,0.027733298495582957,0,0,115.4618,234.377,0.662417,0,0.625,1.625,2.625,4.5,7,0.6674,0,0.6,1.6,2.6,4.65,7.3505,0.6674,0,0.6,1.6,2.6,4.65,7.3505,0.673567,0,0.6,1.75,2.6,4.6,7.2505,1.58731,1.64558,1.64558,1.63158,0.470875,1.23843,0.159,0.0075,0.338375,0.077,0.261375,0.107,0.034875,0.025375,0.052125
40824322,DeAndre Jordan,C/UTIL,NOP,GSW,,3000,0,0,,0,0,0,0,0,0,110.1812,228.6794,,,,,,,,,,,,,,,,,,,,,,,,,,,,,,,,,,,,,,,,,,,
40824232,Kyle Anderson,SF/PF/F/UTIL,UTA,CHI,O,3200,0,0,,0,0,0,0,0,0,118.8193,242.0745,,,,,,,,,,,,,,,,,,,,,,,,,,,,,,,,,,,,,,,,,,,
40823895,Zion Williamson,PF/F/UTIL,NOP,GSW,Q,8900,0,0,,0,0,0,0,0,100,110.1812,228.6794,,,,,,,,,,,,,,,,,,,,,,,,,,,,,,,,,,,,,,,,,,,
40824270,Trentyn Flowers,SG/G/UTIL,CHI,UTA,,3000,0,0,,0,0,0,0,0,0,123.2552,242.0745,,,,,,,,,,,,,,,,,,,,,,,,,,,,,,,,,,,,,,,,,,,
40824412,De'Anthony Melton,PG/SG/G/UTIL,GSW,NOP,O,3000,0,0,,0,0,0,0,0,0,118.4982,228.6794,,,,,,,,,,,,,,,,,,,,,,,,,,,,,,,,,,,,,,,,,,,
40823983,Jordan Poole,PG/SG/G/UTIL,NOP,GSW,O,6100,0,0,,0,0,0,0,0,0,110.1812,228.6794,,,,,,,,,,,,,,,,,,,,,,,,,,,,,,,,,,,,,,,,,,,
40824416,Colin Castleton,C/UTIL,ORL,HOU,,3000,0,0,,0,0,0,0,0,0,109.8973,225.21859999999998,,,,,,,,,,,,,,,,,,,,,,,,,,,,,,,,,,,,,,,,,,,
40823921,Jonathan Kuminga,SF/PF/F/UTIL,GSW,NOP,O,7800,0,0,,0,0,0,0,0,0,118.4982,228.6794,,,,,,,,,,,,,,,,,,,,,,,,,,,,,,,,,,,,,,,,,,,
40824319,Kyrie Irving,PG/G/UTIL,DAL,POR,O,3000,0,0,,0,0,0,0,0,0,115.4618,234.377,,,,,,,,,,,,,,,,,,,,,,,,,,,,,,,,,,,,,,,,,,,
40823872,Anthony Davis,PF/F/UTIL,DAL,POR,O,9800,0,0,,0,0,0,0,0,0,115.4618,234.377,,,,,,,,,,,,,,,,,,,,,,,,,,,,,,,,,,,,,,,,,,,
40823977,Scoot Henderson,PG/G/UTIL,POR,DAL,O,6300,0,0,,0,0,0,0,0,0,118.9152,234.377,,,,,,,,,,,,,,,,,,,,,,,,,,,,,,,,,,,,,,,,,,,
40824123,Moritz Wagner,C/UTIL,ORL,HOU,O,4200,0,0,,0,0,0,0,0,0,109.8973,225.21859999999998,,,,,,,,,,,,,,,,,,,,,,,,,,,,,,,,,,,,,,,,,,,
40823883,Paolo Banchero,PF/F/UTIL,ORL,HOU,O,9200,0,0,,0,0,0,0,0,0,109.8973,225.21859999999998,,,,,,,,,,,,,,,,,,,,,,,,,,,,,,,,,,,,,,,,,,,
40824300,Rasheer Fleming,SF/PF/F/UTIL,PHX,ATL,,3000,0,0,,0,0,0.12,0.12000000000000004,0,0,113.8815,226.703,,,,,,,,,,,,,,,,,,,,,,,,,,,,,,,,,,,,,,,,,,,
40824368,Lachlan Olbrich,C/UTIL,CHI,UTA,,3000,0,0,,0,0,0,0,0,0,123.2552,242.0745,,,,,,,,,,,,,,,,,,,,,,,,,,,,,,,,,,,,,,,,,,,
40824409,Alex Toohey,PF/F/UTIL,GSW,NOP,,3000,0,0,,0,0,0,0,0,0,118.4982,228.6794,,,,,,,,,,,,,,,,,,,,,,,,,,,,,,,,,,,,,,,,,,,
40824284,Walker Kessler,C/UTIL,UTA,CHI,O,3000,0,0,,0,0,0,0,0,0,118.8193,242.0745,,,,,,,,,,,,,,,,,,,,,,,,,,,,,,,,,,,,,,,,,,,
40824406,Jackson Rowe,PF/F/UTIL,GSW,NOP,,3000,0,0,,0,0,0,0,0,0,118.4982,228.6794,,,,,,,,,,,,,,,,,,,,,,,,,,,,,,,,,,,,,,,,,,,
40824400,Matisse Thybulle,PF/F/UTIL,POR,DAL,O,3000,0,0,,0,0,0,0,0,0,118.9152,234.377,,,,,,,,,,,,,,,,,,,,,,,,,,,,,,,,,,,,,,,,,,,
40824362,Noa Essengue,PF/F/UTIL,CHI,UTA,,3000,0,0,,0,0,0,0,0,0,123.2552,242.0745,,,,,,,,,,,,,,,,,,,,,,,,,,,,,,,,,,,,,,,,,,,
40824290,CJ Huntley,PF/C/F/UTIL,PHX,ATL,,3000,0,0,,0,0,0,0,0,0,113.8815,226.703,,,,,,,,,,,,,,,,,,,,,,,,,,,,,,,,,,,,,,,,,,,
40824382,Nikola Djurisic,SF/F/UTIL,ATL,PHX,,3000,0,0,,0,0,0,0,0,0,112.8215,226.703,,,,,,,,,,,,,,,,,,,,,,,,,,,,,,,,,,,,,,,,,,,
40824370,Emanuel Miller,PF/F/UTIL,CHI,UTA,,3000,0,0,,0,0,0,0,0,0,123.2552,242.0745,,,,,,,,,,,,,,,,,,,,,,,,,,,,,,,,,,,,,,,,,,,
40823946,Grayson Allen,SG/G/UTIL,PHX,ATL,O,7200,0,0,,0,0,0,0,0,0,113.8815,226.703,,,,,,,,,,,,,,,,,,,,,,,,,,,,,,,,,,,,,,,,,,,
40824324,Hunter Dickinson,C/UTIL,NOP,GSW,,3000,0,0,,0,0,0,0,0,0,110.1812,228.6794,,,,,,,,,,,,,,,,,,,,,,,,,,,,,,,,,,,,,,,,,,,
40824377,N'Faly Dante,C/UTIL,ATL,PHX,,3000,0,0,,0,0,0,0,0,0,112.8215,226.703,,,,,,,,,,,,,,,,,,,,,,,,,,,,,,,,,,,,,,,,,,,
40823962,Tre Jones,PG/G/UTIL,CHI,UTA,O,6600,0,0,,0,0,0,0,0,100,123.2552,242.0745,,,,,,,,,,,,,,,,,,,,,,,,,,,,,,,,,,,,,,,,,,,
40824310,Ryan Nembhard,PG/G/UTIL,DAL,POR,Q,3000,0,0,,0,0,0,0,0,0,115.4618,234.377,,,,,,,,,,,,,,,,,,,,,,,,,,,,,,,,,,,,,,,,,,,
40823918,Jalen Green,SG/G/UTIL,PHX,ATL,O,7900,0,0,,0,0,0,0,0,0,113.8815,226.703,,,,,,,,,,,,,,,,,,,,,,,,,,,,,,,,,,,,,,,,,,,
40824313,Miles Kelly,SG/G/UTIL,DAL,POR,,3000,0,0,,0,0,0,0,0,0,115.4618,234.377,,,,,,,,,,,,,,,,,,,,,,,,,,,,,,,,,,,,,,,,,,,
40824343,Kevon Harris,SG/SF/F/G/UTIL,HOU,ORL,,3000,0,0,,0,0,0,0,0,0,115.3213,225.21859999999998,,,,,,,,,,,,,,,,,,,,,,,,,,,,,,,,,,,,,,,,,,,
40824335,Dejounte Murray,PG/SG/G/UTIL,NOP,GSW,O,3000,0,0,,0,0,0,0,0,0,110.1812,228.6794,,,,,,,,,,,,,,,,,,,,,,,,,,,,,,,,,,,,,,,,,,,
40824275,John Tonje,SG/SF/F/G/UTIL,UTA,CHI,,3000,0,0,,0,0,0,0,0,0,118.8193,242.0745,,,,,,,,,,,,,,,,,,,,,,,,,,,,,,,,,,,,,,,,,,,
40824397,Blake Wesley,PG/G/UTIL,POR,DAL,O,3000,0,0,,0,0,0,0,0,0,118.9152,234.377,,,,,,,,,,,,,,,,,,,,,,,,,,,,,,,,,,,,,,,,,,,
40824193,Dorian Finney-Smith,C/UTIL,HOU,ORL,O,3400,0,0,,0,0,0,0,0,0,115.3213,225.21859999999998,,,,,,,,,,,,,,,,,,,,,,,,,,,,,,,,,,,,,,,,,,,
40824255,Caleb Houstan,SF/PF/F/UTIL,ATL,PHX,,3000,0,0,,0,0,0,0,0,0,112.8215,226.703,,,,,,,,,,,,,,,,,,,,,,,,,,,,,,,,,,,,,,,,,,,
40823940,Jrue Holiday,PG/G/UTIL,POR,DAL,O,7300,0,0,,0,0,0,0,0,100,118.9152,234.377,,,,,,,,,,,,,,,,,,,,,,,,,,,,,,,,,,,,,,,,,,,
40824424,Jase Richardson,PG/SG/G/UTIL,ORL,HOU,,3000,0,0,,0,0,0,0,0,0,109.8973,225.21859999999998,,,,,,,,,,,,,,,,,,,,,,,,,,,,,,,,,,,,,,,,,,,
40824261,Eli Ndiaye,PF/C/F/UTIL,ATL,PHX,,3000,0,0,,0,0,0,0,0,0,112.8215,226.703,,,,,,,,,,,,,,,,,,,,,,,,,,,,,,,,,,,,,,,,,,,
40824359,Fred VanVleet,PG/G/UTIL,HOU,ORL,O,3000,0,0,,0,0,0,0,0,0,115.3213,225.21859999999998,,,,,,,,,,,,,,,,,,,,,,,,,,,,,,,,,,,,,,,,,,,
40824356,JD Davison,PG/G/UTIL,HOU,ORL,,3000,0,0,,0,0,0,0,0,0,115.3213,225.21859999999998,,,,,,,,,,,,,,,,,,,,,,,,,,,,,,,,,,,,,,,,,,,
40824385,Hansen Yang,C/UTIL,POR,DAL,,3000,0,0,,0,0,0,0,0,0,118.9152,234.377,,,,,,,,,,,,,,,,,,,,,,,,,,,,,,,,,,,,,,,,,,,
40823987,Jalen Suggs,PG/G/UTIL,ORL,HOU,O,6000,0,0,,0,0,0,0,0,0,109.8973,225.21859999999998,,,,,,,,,,,,,,,,,,,,,,,,,,,,,,,,,,,,,,,,,,,
40823949,Kristaps Porzingis,C/UTIL,ATL,PHX,O,7100,0,0,,0,0,0,0,0,0,112.8215,226.703,,,,,,,,,,,,,,,,,,,,,,,,,,,,,,,,,,,,,,,,,,,
40824418,Orlando Robinson,C/UTIL,ORL,HOU,,3000,0,0,,0,0,0,0,0,0,109.8973,225.21859999999998,,,,,,,,,,,,,,,,,,,,,,,,,,,,,,,,,,,,,,,,,,,
40824394,Javonte Cooke,SG/G/UTIL,POR,DAL,,3000,0,0,,0,0,0,0,0,0,118.9152,234.377,,,,,,,,,,,,,,,,,,,,,,,,,,,,,,,,,,,,,,,,,,,
40824304,Koby Brea,SG/G/UTIL,PHX,ATL,,3000,0,0,,0,0,0,0,0,0,113.8815,226.703,,,,,,,,,,,,,,,,,,,,,,,,,,,,,,,,,,,,,,,,,,,
40824348,Isaiah Crawford,SF/PF/F/UTIL,HOU,ORL,,3000,0,0,,0,0,0,0,0,0,115.3213,225.21859999999998,,,,,,,,,,,,,,,,,,,,,,,,,,,,,,,,,,,,,,,,,,,
40824403,Damian Lillard,PG/G/UTIL,POR,DAL,O,3000,0,0,,0,0,0,0,0,0,118.9152,234.377,,,,,,,,,,,,,,,,,,,,,,,,,,,,,,,,,,,,,,,,,,,
40824195,Zach Collins,C/UTIL,CHI,UTA,O,3400,0,0,,0,0,0,0,0,0,123.2552,242.0745,,,,,,,,,,,,,,,,,,,,,,,,,,,,,,,,,,,,,,,,,,,
40824286,Georges Niang,SF/PF/F/UTIL,UTA,CHI,O,3000,0,0,,0,0,0,0,0,0,118.8193,242.0745,,,,,,,,,,,,,,,,,,,,,,,,,,,,,,,,,,,,,,,,,,,
40824273,Oscar Tshiebwe,C/UTIL,UTA,CHI,,3000,0,0,,0,0,0,0,0,0,118.8193,242.0745,,,,,,,,,,,,,,,,,,,,,,,,,,,,,,,,,,,,,,,,,,,
40824209,Caleb Martin,PF/F/UTIL,DAL,POR,,3300,2.75,0,2.75,0,0,0,0,0,0,115.4618,234.377,,,,,,,,,,,,,,,,,,,,,,,,,,,,,,,,,,,,,,,,,,,
40824379,Jacob Toppin,PF/F/UTIL,ATL,PHX,,3000,0,0,,0,0,0,0,0,0,112.8215,226.703,,,,,,,,,,,,,,,,,,,,,,,,,,,,,,,,,,,,,,,,,,,
40824316,Dante Exum,PG/G/UTIL,DAL,POR,O,3000,0,0,,0,0,0,0,0,0,115.4618,234.377,,,,,,,,,,,,,,,,,,,,,,,,,,,,,,,,,,,,,,,,,,,
40823892,Trae Young,PG/G/UTIL,ATL,PHX,O,9000,0,0,,0,0,0,0,0,0,112.8215,226.703,,,,,,,,,,,,,,,,,,,,,,,,,,,,,,,,,,,,,,,,,,,
40824075,Tari Eason,SF/PF/F/UTIL,HOU,ORL,O,4700,0,0,,0,0,0,0,0,0,115.3213,225.21859999999998,,,,,,,,,,,,,,,,,,,,,,,,,,,,,,,,,,,,,,,,,,,
40824331,Trey Alexander,PG/SG/G/UTIL,NOP,GSW,,3000,0,0,,0,0,0,0,0,0,110.1812,228.6794,,,,,,,,,,,,,,,,,,,,,,,,,,,,,,,,,,,,,,,,,,,
40824159,Taylor Hendricks,PF/F/UTIL,UTA,CHI,O,3700,0,0,,0,0,0,0,0,0,118.8193,242.0745,,,,,,,,,,,,,,,,,,,,,,,,,,,,,,,,,,,,,,,,,,,